epoch,time,train/box_loss,train/cls_loss,train/dfl_loss,metrics/precision(B),metrics/recall(B),metrics/mAP50(B),metrics/mAP50-95(B),val/box_loss,val/cls_loss,val/dfl_loss,lr/pg0,lr/pg1,lr/pg2
1,1842.69,1.27643,1.91402,1.50943,0.42245,0.64889,0.53726,0.31637,1.43292,1.15191,1.85533,0.000332882,0.000332882,0.000332882
2,3934.41,1.22586,1.32505,1.46264,0.48509,0.57534,0.52424,0.29487,1.45853,1.17898,1.79418,0.000665199,0.000665199,0.000665199
3,5712.34,1.20252,1.253,1.44258,0.64077,0.68359,0.70033,0.38982,1.45279,0.94342,1.77879,0.000993457,0.000993457,0.000993457
4,7485.33,1.15438,1.16059,1.41149,0.68502,0.74279,0.73435,0.46694,1.27898,0.8148,1.62782,0.000986323,0.000986323,0.000986323
5,9729.65,1.09306,1.06142,1.36465,0.67511,0.86064,0.79765,0.49988,1.2844,0.78834,1.575,0.000975773,0.000975773,0.000975773
